species,avg_bill_length_mm,avg_flipper_length_mm
Adelie,38.79139072847684,189.95364238410596
Gentoo,47.504878048780476,217.1869918699187
Chinstrap,48.83382352941177,195.8235294117647
