species,island,percent_male,percent_female
Adelie,Torgersen,48.93617021276596,51.06382978723404
Adelie,Biscoe,50.0,50.0
Adelie,Dream,50.90909090909091,49.09090909090909
Gentoo,Biscoe,51.26050420168067,48.739495798319325
Chinstrap,Dream,50.0,50.0
